Time;durP1;ratioP1;P1;durP2;ratioP2;P2;SDS_P1;SDS_P2;Temp;Humidity;BMP_temperature;BMP_pressure;BME280_temperature;BME280_humidity;BME280_pressure;Samples;Min_cycle;Max_cycle;Signal
2018/09/13 00:01:26;;;;;;;3.13;1.17;;;12.70;56.60;;;;;;646956;222;27089;-75
2018/09/13 00:03:54;;;;;;;3.80;1.10;;;12.70;56.70;;;;;;646927;221;26666;-75
2018/09/13 00:06:22;;;;;;;4.43;1.30;;;12.70;56.50;;;;;;646904;222;26631;-75
2018/09/13 00:08:51;;;;;;;5.73;1.90;;;12.70;56.20;;;;;;646914;222;27039;-75
2018/09/13 00:11:19;;;;;;;7.20;1.77;;;12.70;56.20;;;;;;646817;222;26646;-75
2018/09/13 00:13:48;;;;;;;9.00;1.50;;;12.70;56.20;;;;;;646931;221;26643;-75
2018/09/13 00:16:16;;;;;;;4.73;1.07;;;12.60;56.80;;;;;;646956;222;26638;-75
2018/09/13 00:18:45;;;;;;;9.60;1.80;;;12.60;57.60;;;;;;648065;220;26649;-75
2018/09/13 00:21:13;;;;;;;8.83;1.70;;;12.60;57.30;;;;;;648382;220;27060;-75
2018/09/13 00:23:43;;;;;;;8.77;2.00;;;12.50;58.00;;;;;;648081;218;26635;-75
2018/09/13 00:26:11;;;;;;;5.90;1.60;;;12.50;58.20;;;;;;647926;221;26655;-75
2018/09/13 00:28:40;;;;;;;8.87;2.80;;;12.40;59.30;;;;;;647647;221;26684;-75
2018/09/13 00:31:08;;;;;;;10.60;2.93;;;12.40;58.70;;;;;;647548;222;26682;-75
2018/09/13 00:33:37;;;;;;;5.87;1.90;;;12.40;59.30;;;;;;647577;222;26671;-75
2018/09/13 00:36:05;;;;;;;8.00;2.13;;;12.30;60.40;;;;;;647470;221;26630;-75
2018/09/13 00:38:33;;;;;;;8.40;2.07;;;12.30;60.00;;;;;;647010;222;26642;-75
2018/09/13 00:41:02;;;;;;;10.53;2.27;;;12.30;59.90;;;;;;647260;222;26680;-75
2018/09/13 00:43:30;;;;;;;10.70;2.93;;;12.30;59.60;;;;;;647244;222;26667;-75
2018/09/13 00:45:59;;;;;;;9.63;2.60;;;12.30;60.90;;;;;;647106;222;26679;-76
2018/09/13 00:48:27;;;;;;;7.53;2.07;;;12.30;60.00;;;;;;647117;222;26671;-76
2018/09/13 00:50:56;;;;;;;7.83;2.00;;;12.30;59.60;;;;;;647229;222;27158;-75
2018/09/13 00:53:24;;;;;;;9.97;1.80;;;12.30;60.90;;;;;;647251;222;26672;-75
2018/09/13 00:55:52;;;;;;;9.97;1.80;;;12.30;60.70;;;;;;646927;222;26865;-75
2018/09/13 00:58:21;;;;;;;5.77;1.83;;;12.30;60.80;;;;;;646914;221;27058;-75
2018/09/13 01:00:49;;;;;;;6.50;1.40;;;12.20;62.30;;;;;;646943;221;27040;-75
2018/09/13 01:03:18;;;;;;;7.30;2.13;;;12.20;61.50;;;;;;646854;221;26634;-75
2018/09/13 01:05:46;;;;;;;6.37;1.30;;;12.20;61.20;;;;;;646827;222;26659;-75
2018/09/13 01:08:16;;;;;;;7.53;1.17;;;12.20;61.70;;;;;;646935;221;27091;-75
2018/09/13 01:10:44;;;;;;;7.53;1.57;;;12.20;61.60;;;;;;646965;221;27081;-75
2018/09/13 01:13:13;;;;;;;7.53;1.40;;;12.20;61.40;;;;;;646934;222;27044;-74
2018/09/13 01:15:41;;;;;;;6.50;1.80;;;12.20;61.90;;;;;;646934;221;26647;-74
2018/09/13 01:18:09;;;;;;;4.57;1.37;;;12.20;61.40;;;;;;646954;222;26908;-75
2018/09/13 01:20:38;;;;;;;11.10;1.93;;;12.20;63.50;;;;;;646919;222;26646;-76
2018/09/13 01:23:06;;;;;;;8.47;2.03;;;12.20;62.70;;;;;;646934;221;26678;-75
2018/09/13 01:25:35;;;;;;;5.37;1.17;;;12.20;61.70;;;;;;646826;222;27302;-75
2018/09/13 01:28:03;;;;;;;10.10;2.00;;;12.20;61.90;;;;;;646901;221;26649;-75
2018/09/13 01:30:32;;;;;;;7.17;1.60;;;12.20;62.60;;;;;;648087;220;26670;-75
2018/09/13 01:33:00;;;;;;;8.67;2.30;;;12.20;62.50;;;;;;648364;220;26720;-74
2018/09/13 01:35:29;;;;;;;8.93;1.83;;;12.10;63.10;;;;;;647974;221;26654;-74
2018/09/13 01:37:57;;;;;;;11.60;2.10;;;12.10;62.80;;;;;;647939;222;26642;-75
2018/09/13 01:40:26;;;;;;;6.43;2.10;;;12.10;63.20;;;;;;634406;222;26627;-75
2018/09/13 01:42:54;;;;;;;10.67;2.93;;;12.10;64.10;;;;;;647453;222;26680;-75
2018/09/13 01:45:23;;;;;;;11.43;2.80;;;12.10;63.00;;;;;;647518;221;26737;-74
2018/09/13 01:47:51;;;;;;;8.27;2.43;;;12.10;63.20;;;;;;647428;222;27086;-75
2018/09/13 01:50:19;;;;;;;6.10;1.60;;;12.10;62.70;;;;;;647235;222;27081;-75
2018/09/13 01:52:48;;;;;;;7.80;2.07;;;12.10;63.10;;;;;;647231;222;26663;-75
2018/09/13 01:55:16;;;;;;;10.27;2.47;;;12.10;62.50;;;;;;647265;222;26669;-75
2018/09/13 01:57:45;;;;;;;6.43;1.80;;;12.20;62.30;;;;;;647262;222;27130;-75
2018/09/13 02:00:13;;;;;;;5.17;1.80;;;12.10;63.00;;;;;;647274;222;27106;-75
2018/09/13 02:02:42;;;;;;;11.43;2.40;;;12.10;63.20;;;;;;647237;222;26684;-75
2018/09/13 02:05:10;;;;;;;10.20;1.47;;;12.10;62.80;;;;;;647195;222;26655;-75
2018/09/13 02:07:38;;;;;;;9.13;1.73;;;12.10;63.40;;;;;;646947;222;27077;-75
2018/09/13 02:10:07;;;;;;;11.33;1.90;;;12.10;63.50;;;;;;646923;222;26638;-75
2018/09/13 02:12:36;;;;;;;8.87;1.53;;;12.10;63.10;;;;;;646948;221;26871;-75
2018/09/13 02:15:04;;;;;;;8.77;1.23;;;12.00;63.80;;;;;;647002;221;27056;-75
2018/09/13 02:17:32;;;;;;;6.53;1.70;;;12.00;63.30;;;;;;646961;222;26638;-75
2018/09/13 02:20:01;;;;;;;8.40;2.10;;;12.00;63.30;;;;;;646936;222;26626;-75
2018/09/13 02:22:29;;;;;;;8.77;1.40;;;12.10;63.30;;;;;;646959;222;26646;-74
2018/09/13 02:24:58;;;;;;;5.27;2.10;;;12.00;63.30;;;;;;646954;221;27046;-75
2018/09/13 02:27:26;;;;;;;7.37;2.30;;;12.00;63.90;;;;;;646945;222;26632;-75
2018/09/13 02:29:55;;;;;;;9.20;2.30;;;12.00;64.40;;;;;;646936;222;26627;-74
2018/09/13 02:32:24;;;;;;;9.57;2.37;;;12.00;63.00;;;;;;646955;222;26641;-75
2018/09/13 02:34:52;;;;;;;5.97;2.00;;;12.10;64.50;;;;;;653805;219;26732;-75
2018/09/13 02:37:21;;;;;;;6.87;2.10;;;12.10;63.70;;;;;;656623;218;27096;-75
2018/09/13 02:39:49;;;;;;;6.70;2.13;;;12.10;64.00;;;;;;656662;218;26627;-75
2018/09/13 02:42:18;;;;;;;8.73;2.37;;;12.10;64.50;;;;;;658079;216;26666;-74
2018/09/13 02:44:46;;;;;;;9.50;2.33;;;12.10;64.10;;;;;;658093;218;26628;-74
2018/09/13 02:47:15;;;;;;;6.07;2.40;;;12.10;64.70;;;;;;657701;218;27065;-74
2018/09/13 02:49:44;;;;;;;7.43;2.00;;;12.20;63.50;;;;;;657662;218;27055;-75
2018/09/13 02:52:12;;;;;;;5.00;2.10;;;12.20;65.10;;;;;;657310;218;26675;-75
2018/09/13 02:54:41;;;;;;;7.93;2.60;;;12.20;64.00;;;;;;657250;217;26683;-75
2018/09/13 02:57:09;;;;;;;9.60;2.17;;;12.20;64.10;;;;;;657265;218;27111;-74
2018/09/13 02:59:37;;;;;;;8.30;2.03;;;12.20;64.50;;;;;;657161;218;27103;-74
2018/09/13 03:02:06;;;;;;;9.17;2.20;;;12.20;63.70;;;;;;656889;218;26627;-74
2018/09/13 03:04:35;;;;;;;8.30;1.57;;;12.20;64.60;;;;;;656923;218;26636;-74
2018/09/13 03:07:03;;;;;;;5.67;1.20;;;12.20;64.80;;;;;;656874;218;26643;-73
2018/09/13 03:09:31;;;;;;;7.10;1.53;;;12.20;65.20;;;;;;656803;217;26639;-73
2018/09/13 03:12:00;;;;;;;6.53;1.50;;;12.30;66.60;;;;;;656817;218;26635;-73
2018/09/13 03:14:28;;;;;;;7.50;1.50;;;12.30;67.00;;;;;;656810;219;27054;-73
2018/09/13 03:16:57;;;;;;;6.07;1.60;;;12.30;66.90;;;;;;656864;217;26711;-74
2018/09/13 03:19:25;;;;;;;4.23;1.80;;;12.30;66.40;;;;;;656331;217;26630;-74
2018/09/13 03:21:54;;;;;;;4.97;1.57;;;12.30;66.20;;;;;;656478;217;27277;-74
2018/09/13 03:24:22;;;;;;;5.53;1.43;;;12.30;66.80;;;;;;656416;218;26713;-74
2018/09/13 03:26:51;;;;;;;7.60;1.70;;;12.30;67.30;;;;;;656508;217;26694;-74
2018/09/13 03:29:19;;;;;;;4.87;1.20;;;12.20;67.20;;;;;;656586;218;27072;-74
2018/09/13 03:31:47;;;;;;;7.63;1.73;;;12.30;67.10;;;;;;656856;218;26668;-74
2018/09/13 03:34:16;;;;;;;7.10;1.87;;;12.20;67.40;;;;;;656498;218;26711;-74
2018/09/13 03:36:44;;;;;;;5.70;1.47;;;12.20;67.80;;;;;;656647;219;27082;-75
2018/09/13 03:39:13;;;;;;;5.57;1.50;;;12.20;67.20;;;;;;656648;219;26623;-74
2018/09/13 03:41:41;;;;;;;9.53;1.60;;;12.30;66.80;;;;;;656631;219;26627;-74
2018/09/13 03:44:10;;;;;;;5.03;1.47;;;12.20;67.20;;;;;;656654;218;26630;-74
2018/09/13 03:46:38;;;;;;;4.27;1.10;;;12.20;66.70;;;;;;656631;218;26627;-74
2018/09/13 03:49:06;;;;;;;5.60;1.40;;;12.20;66.70;;;;;;656651;218;27077;-73
2018/09/13 03:51:35;;;;;;;5.20;1.37;;;12.20;67.50;;;;;;656617;218;27061;-74
2018/09/13 03:54:03;;;;;;;2.17;1.00;;;12.20;67.20;;;;;;658196;216;26685;-74
2018/09/13 03:56:32;;;;;;;7.10;2.17;;;12.20;67.80;;;;;;658069;218;26917;-74
2018/09/13 03:59:00;;;;;;;3.83;1.07;;;12.30;67.40;;;;;;657671;218;26662;-74
2018/09/13 04:01:29;;;;;;;5.37;1.20;;;12.30;67.20;;;;;;657645;218;27052;-74
2018/09/13 04:03:57;;;;;;;6.33;1.23;;;12.30;68.30;;;;;;657328;218;26661;-74
2018/09/13 04:06:26;;;;;;;8.77;1.50;;;12.30;68.40;;;;;;657305;218;26635;-74
2018/09/13 04:08:54;;;;;;;5.60;1.60;;;12.30;68.10;;;;;;657294;217;26632;-74
2018/09/13 04:11:23;;;;;;;6.33;1.27;;;12.30;67.10;;;;;;657157;217;27093;-74
2018/09/13 04:13:51;;;;;;;4.23;1.33;;;12.30;67.50;;;;;;656985;217;26647;-74
2018/09/13 04:16:20;;;;;;;5.13;1.37;;;12.30;67.80;;;;;;656997;219;26635;-73
2018/09/13 04:18:49;;;;;;;7.67;1.50;;;12.30;67.50;;;;;;656824;217;26658;-74
2018/09/13 04:21:17;;;;;;;9.70;2.37;;;12.30;68.10;;;;;;656987;219;26653;-74
2018/09/13 04:23:46;;;;;;;3.13;0.90;;;12.30;67.30;;;;;;656973;219;27071;-74
2018/09/13 04:26:14;;;;;;;4.27;1.30;;;12.30;68.90;;;;;;656969;218;26643;-74
2018/09/13 04:28:43;;;;;;;5.30;1.50;;;12.30;68.70;;;;;;656915;218;26635;-74
2018/09/13 04:31:11;;;;;;;6.23;1.70;;;12.30;68.20;;;;;;656663;219;26731;-74
2018/09/13 04:33:40;;;;;;;3.43;1.10;;;12.30;68.40;;;;;;656652;219;27061;-74
2018/09/13 04:36:08;;;;;;;6.93;1.23;;;12.30;69.20;;;;;;656627;218;26667;-74
2018/09/13 04:38:36;;;;;;;4.77;1.50;;;12.30;69.50;;;;;;656654;217;27287;-74
2018/09/13 04:41:05;;;;;;;7.27;1.30;;;12.30;68.80;;;;;;656649;219;26647;-74
2018/09/13 04:43:34;;;;;;;2.77;1.20;;;12.30;69.00;;;;;;656408;218;26615;-74
2018/09/13 04:46:02;;;;;;;7.10;1.40;;;12.30;69.30;;;;;;656630;219;26640;-74
2018/09/13 04:48:32;;;;;;;6.60;1.60;;;12.30;69.10;;;;;;656651;218;26676;-74
2018/09/13 04:51:01;;;;;;;5.00;1.23;;;12.30;70.10;;;;;;656666;218;27049;-74
2018/09/13 04:53:30;;;;;;;7.77;1.27;;;12.20;69.50;;;;;;656629;217;26656;-74
2018/09/13 04:55:59;;;;;;;8.00;1.77;;;12.20;69.30;;;;;;656661;217;26693;-74
2018/09/13 04:58:27;;;;;;;6.57;1.60;;;12.20;68.90;;;;;;656657;219;26650;-74
2018/09/13 05:00:56;;;;;;;7.70;1.40;;;12.20;68.80;;;;;;656573;218;26664;-74
2018/09/13 05:03:25;;;;;;;7.77;1.63;;;12.20;69.00;;;;;;656628;218;26627;-74
2018/09/13 05:05:53;;;;;;;4.10;1.60;;;12.20;69.20;;;;;;658353;216;26667;-74
2018/09/13 05:08:22;;;;;;;3.17;1.23;;;12.20;68.70;;;;;;658026;218;26658;-74
2018/09/13 05:10:50;;;;;;;3.83;1.50;;;12.10;69.50;;;;;;657633;218;27133;-75
2018/09/13 05:13:19;;;;;;;6.87;1.33;;;12.10;69.30;;;;;;657512;217;27339;-75
2018/09/13 05:15:48;;;;;;;1.43;0.50;;;12.10;70.00;;;;;;657295;218;26648;-75
2018/09/13 05:18:16;;;;;;;7.37;1.40;;;12.10;70.40;;;;;;657311;218;26657;-75
2018/09/13 05:20:44;;;;;;;3.70;1.33;;;12.10;69.70;;;;;;657300;218;26715;-75
2018/09/13 05:23:13;;;;;;;8.87;1.30;;;12.10;71.10;;;;;;657129;218;26651;-74
2018/09/13 05:25:41;;;;;;;8.17;1.57;;;12.10;70.60;;;;;;657003;219;26654;-75
2018/09/13 05:28:10;;;;;;;2.63;0.90;;;12.00;70.10;;;;;;656997;218;26652;-75
2018/09/13 05:30:38;;;;;;;6.93;1.30;;;12.00;70.90;;;;;;656965;218;26738;-74
2018/09/13 05:33:07;;;;;;;9.63;1.53;;;12.00;70.70;;;;;;656963;219;26638;-75
2018/09/13 05:35:35;;;;;;;8.47;2.10;;;12.00;70.30;;;;;;656982;217;26663;-74
2018/09/13 05:38:04;;;;;;;6.77;2.13;;;12.00;70.90;;;;;;657008;217;26627;-73
2018/09/13 05:40:33;;;;;;;4.17;1.97;;;12.00;71.10;;;;;;656800;219;26643;-75
2018/09/13 05:43:01;;;;;;;5.43;1.80;;;12.00;71.20;;;;;;656427;217;27070;-75
2018/09/13 05:45:30;;;;;;;6.70;2.37;;;11.90;71.20;;;;;;656537;218;26668;-75
2018/09/13 05:47:59;;;;;;;5.10;1.17;;;12.00;71.40;;;;;;656578;219;26900;-75
2018/09/13 05:50:27;;;;;;;7.13;1.47;;;11.90;71.00;;;;;;656622;218;26631;-74
2018/09/13 05:52:56;;;;;;;3.93;1.53;;;11.90;71.70;;;;;;656627;217;26655;-75
2018/09/13 05:55:25;;;;;;;6.70;1.37;;;11.90;71.50;;;;;;656594;219;26612;-75
2018/09/13 05:57:53;;;;;;;5.70;1.90;;;11.90;71.60;;;;;;656613;217;26646;-75
2018/09/13 06:00:22;;;;;;;5.07;1.47;;;11.90;71.50;;;;;;656666;217;27279;-75
2018/09/13 06:02:50;;;;;;;5.80;1.23;;;11.90;71.00;;;;;;656652;218;27059;-75
2018/09/13 06:05:19;;;;;;;5.73;1.37;;;11.90;71.00;;;;;;656644;218;27078;-75
2018/09/13 06:07:47;;;;;;;6.97;1.40;;;11.90;70.90;;;;;;656627;219;26638;-74
2018/09/13 06:10:16;;;;;;;4.90;1.60;;;11.90;71.00;;;;;;656625;219;26628;-75
2018/09/13 06:12:44;;;;;;;4.63;1.40;;;11.90;71.00;;;;;;656636;219;26765;-74
2018/09/13 06:15:13;;;;;;;5.67;1.70;;;12.00;70.10;;;;;;656585;217;26627;-74
2018/09/13 06:17:41;;;;;;;6.60;1.70;;;12.00;70.30;;;;;;658453;216;26666;-73
2018/09/13 06:20:10;;;;;;;6.50;1.50;;;12.00;70.80;;;;;;657957;218;26667;-74
2018/09/13 06:22:38;;;;;;;4.70;1.60;;;12.10;69.70;;;;;;657607;217;26683;-74
2018/09/13 06:25:07;;;;;;;9.97;2.07;;;12.10;69.30;;;;;;657416;218;26651;-73
2018/09/13 06:27:35;;;;;;;5.97;1.23;;;12.20;69.50;;;;;;657098;217;27184;-74
2018/09/13 06:30:04;;;;;;;3.60;1.50;;;12.20;69.70;;;;;;657138;218;26663;-74
2018/09/13 06:32:32;;;;;;;7.80;1.50;;;12.30;69.60;;;;;;657272;217;26640;-73
2018/09/13 06:35:01;;;;;;;7.97;1.40;;;12.30;69.90;;;;;;657005;217;27278;-74
2018/09/13 06:37:29;;;;;;;7.13;1.50;;;12.30;69.70;;;;;;656887;217;27090;-74
2018/09/13 06:39:58;;;;;;;6.73;1.50;;;12.40;69.90;;;;;;656933;218;26638;-74
2018/09/13 06:42:26;;;;;;;5.53;1.70;;;12.50;69.80;;;;;;656867;219;27075;-74
2018/09/13 06:44:55;;;;;;;8.40;1.70;;;12.60;70.10;;;;;;656914;219;26628;-73
2018/09/13 06:47:23;;;;;;;4.10;1.10;;;12.70;69.70;;;;;;656900;218;26632;-73
2018/09/13 06:49:52;;;;;;;3.33;1.43;;;12.70;69.20;;;;;;656921;218;27287;-73
2018/09/13 06:52:20;;;;;;;9.80;1.40;;;12.70;69.60;;;;;;653058;218;27096;-77
2018/09/13 06:54:49;;;;;;;4.60;1.20;;;12.70;69.90;;;;;;656641;219;26639;-85
2018/09/13 06:57:18;;;;;;;4.53;1.40;;;12.70;70.50;;;;;;655534;218;26666;-87
2018/09/13 06:59:46;;;;;;;6.57;1.77;;;12.80;69.50;;;;;;643898;219;26664;-84
2018/09/13 07:02:15;;;;;;;8.97;1.40;;;12.90;69.60;;;;;;643265;222;26669;-87
2018/09/13 07:04:44;;;;;;;6.53;1.40;;;13.10;69.10;;;;;;645610;221;26701;-85
2018/09/13 07:07:13;;;;;;;6.17;1.60;;;13.20;69.50;;;;;;646929;222;26689;-85
2018/09/13 07:09:42;;;;;;;4.10;1.30;;;13.30;68.20;;;;;;646931;221;26643;-84
2018/09/13 07:12:10;;;;;;;6.13;1.70;;;13.40;67.90;;;;;;646957;222;26701;-85
2018/09/13 07:14:39;;;;;;;8.60;1.57;;;13.50;67.70;;;;;;646947;222;26646;-83
2018/09/13 07:17:07;;;;;;;7.30;1.50;;;13.60;68.20;;;;;;644432;222;26663;-86
2018/09/13 07:19:36;;;;;;;5.80;1.50;;;13.60;67.90;;;;;;643485;222;26630;-84
2018/09/13 07:22:05;;;;;;;3.93;1.30;;;13.70;68.50;;;;;;643538;221;26714;-85
2018/09/13 07:24:33;;;;;;;6.00;1.50;;;13.70;68.60;;;;;;643371;222;26674;-85
2018/09/13 07:27:02;;;;;;;7.77;1.50;;;13.70;68.40;;;;;;643535;221;26662;-84
2018/09/13 07:29:30;;;;;;;7.67;1.87;;;13.80;67.80;;;;;;645108;221;26692;-84
2018/09/13 07:31:59;;;;;;;5.87;1.47;;;13.90;67.80;;;;;;644705;221;27113;-84
2018/09/13 07:34:27;;;;;;;4.03;1.17;;;13.90;68.20;;;;;;644373;221;26638;-84
2018/09/13 07:36:56;;;;;;;6.13;1.37;;;13.90;69.00;;;;;;644238;222;26665;-83
2018/09/13 07:39:24;;;;;;;4.27;1.60;;;13.80;68.70;;;;;;644114;221;26733;-81
2018/09/13 07:41:53;;;;;;;4.63;1.50;;;13.80;69.00;;;;;;644056;220;26651;-83
2018/09/13 07:44:21;;;;;;;7.93;2.00;;;13.80;68.60;;;;;;644050;221;26637;-84
2018/09/13 07:46:50;;;;;;;4.73;1.30;;;13.80;68.60;;;;;;643692;222;27060;-83
2018/09/13 07:49:18;;;;;;;8.33;2.97;;;13.80;68.20;;;;;;643655;222;26906;-84
2018/09/13 07:51:47;;;;;;;4.57;1.27;;;13.90;68.40;;;;;;643774;222;26674;-84
2018/09/13 07:54:15;;;;;;;5.80;1.83;;;13.80;69.00;;;;;;647127;222;26647;-83
2018/09/13 07:56:44;;;;;;;3.73;1.33;;;13.80;68.30;;;;;;647111;222;26638;-84
2018/09/13 07:59:12;;;;;;;8.87;1.60;;;13.80;69.20;;;;;;647080;221;27097;-82
2018/09/13 08:01:40;;;;;;;7.80;1.53;;;13.80;68.60;;;;;;647073;221;26690;-83
2018/09/13 08:04:09;;;;;;;3.93;1.50;;;13.80;68.60;;;;;;646880;221;26707;-83
2018/09/13 08:06:37;;;;;;;7.00;1.43;;;13.80;69.00;;;;;;646745;222;27095;-85
2018/09/13 08:09:09;;;;;;;5.40;1.27;;;13.80;69.80;;;;;;646791;222;27053;-84
2018/09/13 08:11:37;;;;;;;5.47;1.83;;;13.80;69.70;;;;;;646894;222;26642;-84
2018/09/13 08:14:06;;;;;;;7.20;1.60;;;13.80;69.50;;;;;;646891;221;26642;-81
2018/09/13 08:16:35;;;;;;;5.50;1.23;;;13.70;69.50;;;;;;646894;222;26614;-83
2018/09/13 08:19:03;;;;;;;7.17;1.30;;;13.70;69.70;;;;;;646924;222;26670;-83
2018/09/13 08:21:32;;;;;;;5.27;1.17;;;13.60;70.00;;;;;;646904;222;26646;-83
2018/09/13 08:24:00;;;;;;;4.23;1.37;;;13.70;69.80;;;;;;646934;219;27327;-82
2018/09/13 08:26:29;;;;;;;5.07;1.40;;;13.60;70.10;;;;;;643543;222;26674;-82
2018/09/13 08:28:58;;;;;;;3.53;1.27;;;13.60;70.00;;;;;;643387;222;26658;-84
2018/09/13 08:31:26;;;;;;;3.37;1.30;;;13.60;69.70;;;;;;643366;222;27060;-82
2018/09/13 08:33:55;;;;;;;9.30;1.63;;;13.60;70.20;;;;;;643288;222;26719;-82
2018/09/13 08:36:23;;;;;;;4.93;1.37;;;13.60;71.00;;;;;;643380;221;26634;-83
2018/09/13 08:38:52;;;;;;;6.77;1.67;;;13.50;71.10;;;;;;643717;221;27317;-84
2018/09/13 08:41:20;;;;;;;5.10;1.33;;;13.60;70.50;;;;;;645048;222;26884;-85
2018/09/13 08:43:49;;;;;;;5.03;1.43;;;13.60;70.60;;;;;;644514;223;26713;-85
2018/09/13 08:46:19;;;;;;;2.93;1.30;;;13.70;70.20;;;;;;644358;222;27033;-83
2018/09/13 08:48:49;;;;;;;4.23;1.40;;;13.70;70.90;;;;;;644184;222;26701;-84
2018/09/13 08:51:18;;;;;;;4.60;1.00;;;13.70;70.60;;;;;;644047;223;27056;-82
2018/09/13 08:53:46;;;;;;;7.57;1.10;;;13.70;71.50;;;;;;646834;221;26648;-80
2018/09/13 08:56:15;;;;;;;3.50;1.40;;;13.60;71.60;;;;;;647520;221;26663;-79
2018/09/13 08:58:44;;;;;;;5.93;1.30;;;13.60;71.60;;;;;;647267;222;27416;-79
2018/09/13 09:01:12;;;;;;;3.63;1.10;;;13.60;72.00;;;;;;647242;221;26664;-83
2018/09/13 09:03:40;;;;;;;3.17;0.77;;;13.60;71.90;;;;;;647216;219;26722;-82
2018/09/13 09:06:09;;;;;;;5.07;1.20;;;13.60;72.80;;;;;;647316;221;26700;-82
2018/09/13 09:08:38;;;;;;;4.10;1.00;;;13.60;72.70;;;;;;647214;221;26660;-83
2018/09/13 09:11:06;;;;;;;3.43;1.20;;;13.60;72.80;;;;;;647264;221;26684;-83
2018/09/13 09:13:35;;;;;;;2.73;1.10;;;13.70;72.40;;;;;;647276;221;26643;-83
2018/09/13 09:16:03;;;;;;;3.57;1.30;;;13.80;72.20;;;;;;647107;222;26657;-87
2018/09/13 09:18:33;;;;;;;3.10;0.90;;;13.80;72.40;;;;;;647056;222;26654;-88
2018/09/13 09:21:02;;;;;;;2.17;1.03;;;13.90;71.60;;;;;;646973;222;26648;-86
2018/09/13 09:23:31;;;;;;;3.87;1.20;;;14.00;71.70;;;;;;646878;222;26974;-87
2018/09/13 09:25:59;;;;;;;3.90;1.00;;;14.00;71.40;;;;;;646922;222;27323;-87
2018/09/13 09:28:28;;;;;;;6.33;1.77;;;14.10;71.90;;;;;;646843;222;26690;-86
2018/09/13 09:30:57;;;;;;;4.40;2.03;;;14.20;71.40;;;;;;646918;221;26627;-87
2018/09/13 09:33:25;;;;;;;5.93;1.60;;;14.20;71.40;;;;;;647691;222;27002;-85
2018/09/13 09:35:53;;;;;;;7.20;1.77;;;14.30;71.30;;;;;;647047;222;27118;-87
2018/09/13 09:38:22;;;;;;;2.10;0.77;;;14.40;70.80;;;;;;646989;221;26638;-86
2018/09/13 09:40:50;;;;;;;5.73;1.00;;;14.40;70.80;;;;;;646894;221;26646;-86
2018/09/13 09:43:19;;;;;;;4.23;0.90;;;14.40;70.60;;;;;;646865;222;27134;-86
2018/09/13 09:45:47;;;;;;;4.00;0.80;;;14.50;70.80;;;;;;646918;222;26659;-87
2018/09/13 09:48:16;;;;;;;3.57;1.07;;;14.50;70.30;;;;;;646907;221;26908;-86
2018/09/13 09:50:44;;;;;;;1.27;0.80;;;14.70;69.80;;;;;;647458;220;26695;-87
2018/09/13 09:53:13;;;;;;;4.07;1.20;;;14.90;69.10;;;;;;646458;221;26708;-87
2018/09/13 09:55:41;;;;;;;3.90;1.13;;;15.10;68.40;;;;;;644359;223;26702;-86
2018/09/13 09:58:10;;;;;;;3.83;1.53;;;15.10;68.20;;;;;;644405;221;26634;-87
2018/09/13 10:03:12;;;;;;;3.30;1.30;;;15.20;68.60;;;;;;644054;223;26634;-86
2018/09/13 10:05:40;;;;;;;5.83;1.20;;;15.30;68.30;;;;;;633773;222;26691;-86
2018/09/13 10:08:09;;;;;;;5.40;1.00;;;15.30;68.70;;;;;;644108;221;26681;-85
2018/09/13 10:10:37;;;;;;;3.47;1.20;;;15.30;68.80;;;;;;643705;221;26715;-85
2018/09/13 10:13:06;;;;;;;5.67;1.53;;;15.40;68.70;;;;;;643682;223;26621;-86
2018/09/13 10:46:24;;;;;;;4.40;1.53;;;26.10;51.80;;;;;;643381;223;26639;-85
2018/09/13 10:56:35;;;;;;;6.07;1.97;;;25.50;50.20;;;;;;633643;221;27125;-87
2018/09/13 10:59:03;;;;;;;4.27;1.50;;;24.10;51.00;;;;;;646936;222;26650;-87
2018/09/13 11:01:33;;;;;;;5.97;1.43;;;23.00;50.60;;;;;;646891;221;26642;-86
2018/09/13 11:04:01;;;;;;;5.43;1.80;;;22.00;50.80;;;;;;648501;220;27133;-87
2018/09/13 11:06:30;;;;;;;7.47;1.80;;;21.20;52.50;;;;;;648124;221;26749;-86
2018/09/13 11:08:58;;;;;;;4.23;1.57;;;20.60;53.80;;;;;;647859;222;26686;-87
2018/09/13 11:11:27;;;;;;;3.97;1.60;;;20.10;54.50;;;;;;647681;222;26671;-88
2018/09/13 11:16:36;;;;;;;6.97;2.23;;;19.40;54.90;;;;;;647537;222;26906;-87
2018/09/13 11:19:04;;;;;;;5.10;1.80;;;19.10;54.90;;;;;;647435;222;26916;-87
2018/09/13 11:21:33;;;;;;;7.77;2.10;;;18.90;54.80;;;;;;647325;221;26660;-86
2018/09/13 11:24:01;;;;;;;11.10;2.17;;;18.60;54.70;;;;;;647223;222;26712;-87
2018/09/13 11:26:30;;;;;;;7.43;2.10;;;18.40;54.60;;;;;;647289;221;26679;-87
2018/09/13 11:28:58;;;;;;;6.13;2.00;;;18.20;55.40;;;;;;647191;222;26679;-86
2018/09/13 11:31:27;;;;;;;8.10;2.33;;;17.80;55.70;;;;;;647141;222;26622;-86
2018/09/13 11:33:56;;;;;;;11.03;2.10;;;17.20;57.00;;;;;;647217;222;26681;-87
2018/09/13 11:36:24;;;;;;;14.17;2.53;;;16.80;57.60;;;;;;647225;221;26698;-86
2018/09/13 11:38:53;;;;;;;8.67;2.37;;;16.60;58.10;;;;;;647030;222;26680;-87
2018/09/13 11:41:21;;;;;;;9.37;2.40;;;16.50;58.40;;;;;;646935;221;26630;-86
2018/09/13 11:43:50;;;;;;;7.63;1.90;;;16.40;59.40;;;;;;647026;221;26638;-87
2018/09/13 11:46:18;;;;;;;8.40;2.10;;;16.30;59.20;;;;;;646959;222;26642;-88
2018/09/13 11:48:47;;;;;;;6.53;2.00;;;16.20;58.80;;;;;;647163;222;26633;-87
2018/09/13 11:51:16;;;;;;;4.93;2.00;;;16.20;59.30;;;;;;647664;222;26699;-87
2018/09/13 11:53:44;;;;;;;10.70;2.23;;;16.30;59.20;;;;;;647816;222;26745;-85
2018/09/13 11:56:12;;;;;;;8.53;2.00;;;16.30;59.00;;;;;;648145;222;26651;-87
2018/09/13 11:58:41;;;;;;;8.33;1.67;;;16.30;59.40;;;;;;647401;222;26675;-87
2018/09/13 12:01:09;;;;;;;6.63;1.80;;;16.30;60.10;;;;;;646887;221;27095;-85
2018/09/13 12:03:38;;;;;;;7.17;2.00;;;16.60;60.20;;;;;;647114;219;26682;-86
2018/09/13 12:06:07;;;;;;;8.43;2.20;;;17.20;60.30;;;;;;645167;222;26672;-86
2018/09/13 12:08:35;;;;;;;7.47;2.23;;;18.10;59.10;;;;;;643581;222;26627;-87
2018/09/13 12:11:04;;;;;;;7.57;2.10;;;19.10;58.30;;;;;;646443;222;26641;-86
2018/09/13 12:13:34;;;;;;;4.57;2.07;;;20.30;56.20;;;;;;645424;219;26888;-86
2018/09/13 12:16:02;;;;;;;6.13;2.23;;;21.40;55.20;;;;;;645010;222;26642;-87
2018/09/13 12:18:31;;;;;;;6.33;2.13;;;22.30;54.00;;;;;;644459;221;26701;-87
2018/09/13 12:21:00;;;;;;;7.43;1.83;;;22.70;52.70;;;;;;644466;222;27064;-88
2018/09/13 12:23:29;;;;;;;12.17;2.10;;;22.40;53.20;;;;;;655770;218;26632;-88
2018/09/13 12:25:58;;;;;;;6.60;2.20;;;22.10;54.20;;;;;;657260;217;26659;-87
2018/09/13 12:28:28;;;;;;;8.90;2.23;;;21.70;54.00;;;;;;657311;218;26663;-87
2018/09/13 12:30:57;;;;;;;7.73;1.83;;;21.40;54.30;;;;;;657310;217;26623;-88
2018/09/13 12:33:25;;;;;;;6.30;2.03;;;21.10;54.40;;;;;;656974;218;27039;-86
2018/09/13 12:35:54;;;;;;;7.40;1.93;;;20.70;54.60;;;;;;656917;217;26635;-87
2018/09/13 12:38:22;;;;;;;3.03;1.53;;;20.40;54.80;;;;;;656927;217;27104;-87
2018/09/13 12:40:51;;;;;;;5.60;1.80;;;20.60;54.90;;;;;;656944;219;26629;-88
2018/09/13 12:43:20;;;;;;;3.33;1.57;;;20.90;54.50;;;;;;646292;219;27045;-87
2018/09/13 12:45:50;;;;;;;4.87;1.30;;;21.00;53.60;;;;;;656916;218;26669;-87
2018/09/13 12:48:18;;;;;;;4.00;1.30;;;21.20;54.00;;;;;;656919;219;26656;-87
2018/09/13 12:50:47;;;;;;;4.80;1.80;;;21.30;53.20;;;;;;656735;217;26695;-88
2018/09/13 12:53:15;;;;;;;4.20;1.27;;;21.40;53.20;;;;;;656595;218;26899;-88
2018/09/13 12:58:18;;;;;;;3.90;1.40;;;21.30;52.70;;;;;;654568;219;26638;-88
2018/09/13 13:00:46;;;;;;;4.57;0.93;;;21.20;52.40;;;;;;643422;222;27092;-88
2018/09/13 13:03:15;;;;;;;3.77;1.10;;;21.10;53.00;;;;;;643408;222;26634;-88
2018/09/13 13:05:43;;;;;;;3.50;1.03;;;20.90;52.80;;;;;;643263;223;26659;-87
2018/09/13 13:08:13;;;;;;;3.03;1.20;;;20.80;53.20;;;;;;643395;221;26666;-89
2018/09/13 13:10:41;;;;;;;2.13;1.20;;;20.80;53.00;;;;;;643262;221;27179;-88
2018/09/13 13:13:10;;;;;;;2.73;1.00;;;20.80;52.90;;;;;;643360;223;26685;-86
2018/09/13 13:15:38;;;;;;;3.17;1.00;;;20.70;53.00;;;;;;643394;223;26653;-88
2018/09/13 13:18:07;;;;;;;4.47;1.37;;;20.60;53.00;;;;;;643418;222;26904;-87
2018/09/13 13:20:35;;;;;;;2.93;1.03;;;20.60;53.40;;;;;;643392;221;26626;-87
2018/09/13 13:23:04;;;;;;;4.50;0.93;;;20.80;53.30;;;;;;643387;222;26671;-89
2018/09/13 13:25:32;;;;;;;2.53;1.00;;;20.90;53.40;;;;;;644013;221;26630;-88
2018/09/13 13:28:01;;;;;;;3.60;1.20;;;20.70;52.80;;;;;;644989;222;27086;-89
2018/09/13 13:30:29;;;;;;;4.67;1.20;;;20.50;53.00;;;;;;644548;221;26660;-88
2018/09/13 13:32:58;;;;;;;2.73;1.00;;;20.30;53.00;;;;;;644469;221;27059;-90
2018/09/13 13:35:26;;;;;;;6.67;1.23;;;20.10;53.10;;;;;;644156;222;26702;-88
2018/09/13 13:37:55;;;;;;;1.97;1.00;;;19.70;52.90;;;;;;644099;221;26657;-85
2018/09/13 13:40:24;;;;;;;4.37;1.17;;;19.30;53.00;;;;;;644051;222;26652;-88
2018/09/13 13:42:52;;;;;;;2.97;0.70;;;18.90;53.80;;;;;;643917;222;26670;-87
2018/09/13 13:45:21;;;;;;;3.60;0.80;;;18.70;54.00;;;;;;643804;221;26654;-88
2018/09/13 13:47:50;;;;;;;4.20;0.80;;;18.50;54.00;;;;;;643715;223;26692;-89
2018/09/13 13:50:19;;;;;;;3.63;0.77;;;18.50;54.20;;;;;;647021;219;27052;-88
2018/09/13 13:52:47;;;;;;;2.00;0.63;;;18.50;54.10;;;;;;647361;222;27094;-88
2018/09/13 13:55:16;;;;;;;2.20;0.80;;;18.50;54.00;;;;;;645430;219;27190;-87
2018/09/13 13:57:44;;;;;;;0.43;0.40;;;18.50;54.20;;;;;;643733;222;26658;-89
2018/09/13 14:00:13;;;;;;;2.23;0.70;;;18.60;54.20;;;;;;647127;221;26622;-89
2018/09/13 14:02:42;;;;;;;2.13;0.50;;;18.60;53.90;;;;;;647042;222;26665;-88
2018/09/13 14:05:10;;;;;;;1.80;0.60;;;18.80;53.50;;;;;;647053;222;26644;-88
2018/09/13 14:07:39;;;;;;;0.63;0.30;;;18.90;53.80;;;;;;647184;221;26714;-89
2018/09/13 14:10:07;;;;;;;3.07;0.67;;;19.00;53.50;;;;;;646770;219;26691;-88
2018/09/13 14:12:36;;;;;;;0.97;0.40;;;19.20;52.70;;;;;;643983;221;26703;-89
2018/09/13 14:15:05;;;;;;;1.57;0.50;;;19.40;52.80;;;;;;643949;221;26665;-89
2018/09/13 14:17:33;;;;;;;0.60;0.50;;;19.60;52.60;;;;;;643867;222;26652;-90
2018/09/13 14:20:03;;;;;;;1.33;0.60;;;19.70;51.70;;;;;;644174;222;26638;-89
2018/09/13 14:22:31;;;;;;;0.67;0.33;;;19.60;51.20;;;;;;644081;223;26666;-89
2018/09/13 14:25:00;;;;;;;0.87;0.50;;;19.40;51.30;;;;;;644051;222;26631;-89
2018/09/13 14:27:28;;;;;;;1.10;0.40;;;19.30;51.60;;;;;;643758;221;26723;-88
2018/09/13 14:29:57;;;;;;;1.03;0.53;;;19.30;51.90;;;;;;643822;223;26646;-90
2018/09/13 14:32:26;;;;;;;1.63;0.50;;;19.50;52.50;;;;;;643481;223;26682;-90
2018/09/13 14:34:54;;;;;;;1.80;0.70;;;19.90;52.10;;;;;;643548;222;27057;-91
2018/09/13 14:37:23;;;;;;;1.17;0.70;;;20.20;51.00;;;;;;644399;221;26667;-90
2018/09/13 14:39:51;;;;;;;1.13;0.50;;;20.40;51.30;;;;;;645088;221;27100;-91
2018/09/13 14:42:20;;;;;;;1.90;0.50;;;20.20;50.80;;;;;;644702;222;26666;-90
2018/09/13 14:44:48;;;;;;;1.43;0.43;;;20.00;51.00;;;;;;644550;222;26638;-88
2018/09/13 14:47:18;;;;;;;0.90;0.50;;;19.70;50.80;;;;;;644299;223;26677;-89
2018/09/13 14:49:46;;;;;;;1.07;0.57;;;19.30;50.60;;;;;;644217;222;26674;-90
2018/09/13 14:52:15;;;;;;;1.30;0.70;;;19.00;51.60;;;;;;644203;223;26915;-89
2018/09/13 14:54:44;;;;;;;0.70;0.50;;;18.90;51.80;;;;;;644145;222;26709;-89
2018/09/13 14:57:12;;;;;;;1.13;0.70;;;18.80;51.90;;;;;;643797;222;26674;-89
2018/09/13 14:59:41;;;;;;;2.80;1.40;;;18.70;52.80;;;;;;646360;221;26683;-88
2018/09/13 15:02:09;;;;;;;2.30;1.30;;;18.80;52.70;;;;;;647415;222;26662;-88
2018/09/13 15:04:38;;;;;;;1.87;0.40;;;18.80;52.30;;;;;;647299;222;26631;-86
2018/09/13 15:07:07;;;;;;;3.63;0.93;;;18.80;52.20;;;;;;647244;222;26682;-87
2018/09/13 15:09:35;;;;;;;1.67;0.60;;;18.70;52.40;;;;;;647249;222;26702;-88
2018/09/13 15:12:04;;;;;;;2.60;1.10;;;18.60;51.90;;;;;;647339;221;27087;-86
2018/09/13 15:14:32;;;;;;;0.90;0.60;;;18.50;52.20;;;;;;646989;222;26674;-87
2018/09/13 15:17:01;;;;;;;2.90;0.83;;;18.50;52.20;;;;;;646740;222;26708;-87
2018/09/13 15:19:30;;;;;;;1.20;0.60;;;18.30;51.20;;;;;;646925;222;26671;-87
2018/09/13 15:21:58;;;;;;;0.60;0.50;;;18.30;51.60;;;;;;646682;222;26670;-87
2018/09/13 15:24:28;;;;;;;2.10;0.50;;;18.30;51.40;;;;;;646943;221;26907;-87
2018/09/13 15:26:56;;;;;;;1.50;0.47;;;18.20;51.70;;;;;;646954;222;26634;-87
2018/09/13 15:29:25;;;;;;;2.10;0.60;;;18.20;51.30;;;;;;646949;222;26649;-87
2018/09/13 15:31:53;;;;;;;2.17;0.40;;;18.20;51.30;;;;;;646965;222;26678;-88
2018/09/13 15:34:25;;;;;;;2.53;0.67;;;18.20;51.60;;;;;;646834;222;26690;-87
2018/09/13 15:36:54;;;;;;;0.73;0.50;;;18.20;51.50;;;;;;646828;222;26684;-88
2018/09/13 15:39:22;;;;;;;1.40;0.37;;;18.20;51.70;;;;;;646990;221;27215;-88
2018/09/13 15:41:52;;;;;;;0.90;0.33;;;18.20;51.70;;;;;;646952;222;26677;-88
2018/09/13 15:44:20;;;;;;;2.63;0.50;;;18.20;51.50;;;;;;646996;221;27079;-87
2018/09/13 15:46:49;;;;;;;1.53;0.60;;;18.20;51.20;;;;;;647052;221;26704;-88
2018/09/13 15:49:18;;;;;;;1.33;0.60;;;18.20;51.60;;;;;;648128;219;26648;-88
2018/09/13 15:51:47;;;;;;;2.03;0.83;;;18.20;51.60;;;;;;648526;221;26659;-90
2018/09/13 15:54:19;;;;;;;2.23;0.70;;;18.20;51.40;;;;;;648048;222;27085;-90
2018/09/13 15:56:47;;;;;;;5.60;0.73;;;18.10;51.50;;;;;;648177;221;26642;-89
2018/09/13 15:59:16;;;;;;;2.00;0.60;;;18.00;51.70;;;;;;653054;218;26675;-90
2018/09/13 16:01:45;;;;;;;3.33;0.57;;;18.00;52.00;;;;;;657347;217;26628;-91
2018/09/13 16:04:13;;;;;;;7.23;1.27;;;17.90;51.80;;;;;;657292;218;26648;-89
2018/09/13 16:06:42;;;;;;;1.70;0.60;;;17.80;51.90;;;;;;657268;218;26653;-89
2018/09/13 16:09:11;;;;;;;3.60;0.70;;;17.70;52.10;;;;;;657045;218;26707;-89
2018/09/13 16:11:39;;;;;;;2.20;0.67;;;17.70;52.30;;;;;;646740;219;26926;-90
2018/09/13 16:14:09;;;;;;;1.70;0.90;;;17.60;52.20;;;;;;657268;218;26753;-88
2018/09/13 16:16:38;;;;;;;3.17;0.83;;;17.60;53.00;;;;;;657108;219;26668;-86
2018/09/13 16:19:06;;;;;;;2.33;0.90;;;17.50;52.30;;;;;;657109;218;27328;-88
2018/09/13 16:21:35;;;;;;;1.80;0.70;;;17.50;52.50;;;;;;657187;218;26636;-88
2018/09/13 16:24:04;;;;;;;1.63;0.73;;;17.50;52.40;;;;;;657167;217;26683;-88
2018/09/13 16:26:33;;;;;;;3.87;1.10;;;17.40;52.40;;;;;;657183;219;26640;-89
2018/09/13 16:29:01;;;;;;;2.53;0.80;;;17.40;52.30;;;;;;657633;219;26663;-89
2018/09/13 16:31:30;;;;;;;2.87;0.80;;;17.30;52.30;;;;;;658309;218;26660;-89
2018/09/13 16:33:59;;;;;;;3.70;0.70;;;17.30;52.40;;;;;;658376;219;26628;-90
2018/09/13 16:36:29;;;;;;;3.80;1.20;;;17.30;52.90;;;;;;658207;218;26638;-88
2018/09/13 16:49:16;;;;;;;3.00;0.83;;;16.80;53.60;;;;;;657592;219;26695;-87
2018/09/13 16:51:47;;;;;;;2.03;0.80;;;16.70;53.80;;;;;;657825;219;26644;-87
2018/09/13 16:54:17;;;;;;;3.70;1.07;;;16.70;54.00;;;;;;657894;217;26633;-88
2018/09/13 16:56:45;;;;;;;3.43;1.00;;;16.70;54.10;;;;;;657517;218;26902;-87
2018/09/13 16:59:14;;;;;;;2.67;1.00;;;16.70;54.10;;;;;;656803;219;27149;-87
2018/09/13 17:01:43;;;;;;;3.70;0.53;;;16.70;54.00;;;;;;658869;216;27069;-86
2018/09/13 17:04:12;;;;;;;2.77;0.87;;;16.60;54.00;;;;;;658450;218;26664;-87
2018/09/13 17:06:40;;;;;;;5.33;0.80;;;16.50;54.00;;;;;;657568;218;26662;-87
2018/09/13 17:09:09;;;;;;;1.43;0.60;;;16.50;54.10;;;;;;657495;218;26648;-86
2018/09/13 17:11:38;;;;;;;1.23;0.60;;;16.50;54.20;;;;;;657288;217;26663;-88
2018/09/13 17:14:07;;;;;;;0.93;0.53;;;16.40;53.90;;;;;;657268;218;26651;-86
2018/09/13 17:16:38;;;;;;;2.17;0.77;;;16.40;53.60;;;;;;657258;217;26674;-86
2018/09/13 17:19:07;;;;;;;2.97;1.10;;;16.30;53.30;;;;;;657227;218;26639;-86
2018/09/13 17:21:36;;;;;;;3.07;0.63;;;16.20;53.30;;;;;;656944;219;26966;-88
2018/09/13 17:24:04;;;;;;;2.73;1.00;;;16.20;53.10;;;;;;656961;219;26630;-88
2018/09/13 17:26:33;;;;;;;1.77;0.93;;;16.10;53.00;;;;;;656998;218;26667;-89
2018/09/13 17:29:02;;;;;;;4.27;1.00;;;16.10;53.20;;;;;;656997;219;27421;-89
2018/09/13 17:31:32;;;;;;;2.43;1.17;;;16.10;53.20;;;;;;657028;218;26671;-88
2018/09/13 17:34:00;;;;;;;2.63;0.80;;;16.00;53.10;;;;;;656973;217;26660;-88
2018/09/13 17:36:29;;;;;;;1.30;0.57;;;15.90;53.20;;;;;;656785;217;26686;-88
2018/09/13 17:38:57;;;;;;;2.57;1.07;;;15.90;53.20;;;;;;656629;218;26665;-88
2018/09/13 17:41:26;;;;;;;1.37;1.10;;;15.90;53.40;;;;;;656661;217;26647;-88
2018/09/13 17:43:56;;;;;;;3.63;0.70;;;15.80;53.30;;;;;;656560;219;26678;-89
2018/09/13 17:46:25;;;;;;;2.43;0.90;;;15.70;53.10;;;;;;656543;218;27198;-86
2018/09/13 17:48:54;;;;;;;2.07;0.90;;;15.70;53.30;;;;;;656533;218;26683;-88
2018/09/13 17:51:22;;;;;;;1.83;0.60;;;15.70;53.30;;;;;;656657;218;26647;-89
2018/09/13 17:53:51;;;;;;;2.83;0.80;;;15.60;53.20;;;;;;657321;218;26672;-89
2018/09/13 17:56:20;;;;;;;2.13;0.80;;;15.60;53.20;;;;;;656921;218;26688;-88
2018/09/13 17:58:51;;;;;;;2.87;1.00;;;15.60;53.40;;;;;;658462;217;26623;-92
2018/09/13 18:01:20;;;;;;;3.20;0.83;;;15.60;53.30;;;;;;650519;219;25907;-89
2018/09/13 18:03:49;;;;;;;2.37;0.80;;;15.50;54.20;;;;;;644016;220;26631;-90
2018/09/13 18:06:18;;;;;;;1.17;0.57;;;15.50;53.50;;;;;;643702;220;26647;-90
2018/09/13 18:08:46;;;;;;;2.90;1.00;;;15.50;53.40;;;;;;643552;221;26623;-92
2018/09/13 18:11:15;;;;;;;4.50;1.00;;;15.40;53.30;;;;;;643740;219;27296;-91
2018/09/13 18:13:44;;;;;;;6.73;1.23;;;15.40;53.50;;;;;;645905;221;26677;-90
2018/09/13 18:16:13;;;;;;;1.00;0.80;;;15.30;53.70;;;;;;644819;223;26714;-84
2018/09/13 18:18:42;;;;;;;5.17;1.10;;;15.30;53.90;;;;;;644340;222;26650;-82
2018/09/13 18:21:10;;;;;;;4.47;1.00;;;15.30;54.10;;;;;;644262;222;26688;-81
2018/09/13 18:23:39;;;;;;;2.37;0.90;;;15.30;54.20;;;;;;644012;222;26733;-82
2018/09/13 18:26:07;;;;;;;2.07;0.90;;;15.20;54.20;;;;;;643923;222;26666;-81
2018/09/13 18:28:36;;;;;;;4.80;1.43;;;15.20;54.50;;;;;;643967;223;26663;-81
2018/09/13 18:31:04;;;;;;;5.80;1.80;;;15.20;54.80;;;;;;643783;221;26648;-82
2018/09/13 18:33:34;;;;;;;5.87;1.77;;;15.20;55.00;;;;;;643725;222;26725;-86
2018/09/13 18:36:04;;;;;;;2.97;1.27;;;15.20;55.40;;;;;;643687;222;26654;-80
2018/09/13 18:38:32;;;;;;;5.37;1.40;;;15.10;55.50;;;;;;643898;222;27273;-81
2018/09/13 18:41:01;;;;;;;3.60;1.63;;;15.10;55.80;;;;;;643928;221;27053;-83
2018/09/13 18:43:30;;;;;;;10.03;2.47;;;15.10;55.80;;;;;;644404;222;26659;-83
2018/09/13 18:45:58;;;;;;;7.40;2.30;;;15.00;55.90;;;;;;643886;223;26684;-81
2018/09/13 18:48:27;;;;;;;9.53;3.03;;;15.00;56.10;;;;;;643425;223;27088;-82
2018/09/13 18:50:56;;;;;;;7.97;2.67;;;15.00;56.30;;;;;;643411;222;26639;-83
2018/09/13 18:53:24;;;;;;;9.47;2.27;;;14.90;56.50;;;;;;643483;222;26706;-81
2018/09/13 18:55:53;;;;;;;6.07;2.70;;;14.80;56.40;;;;;;643409;222;26687;-81
2018/09/13 18:58:23;;;;;;;6.27;2.27;;;14.80;56.80;;;;;;643367;223;26635;-80
2018/09/13 19:00:52;;;;;;;7.43;2.30;;;14.80;57.00;;;;;;643429;221;27298;-82
2018/09/13 19:03:21;;;;;;;5.07;1.77;;;14.80;57.00;;;;;;643401;222;27085;-80
2018/09/13 19:05:50;;;;;;;4.17;1.33;;;14.70;57.10;;;;;;643452;221;27080;-82
2018/09/13 19:08:20;;;;;;;4.97;0.97;;;14.70;56.90;;;;;;643559;222;26758;-80
2018/09/13 19:10:50;;;;;;;6.00;1.30;;;14.70;57.40;;;;;;643629;222;26678;-81
2018/09/13 19:13:18;;;;;;;7.70;1.63;;;14.70;57.30;;;;;;647669;219;26640;-84
2018/09/13 19:15:47;;;;;;;3.27;1.40;;;14.70;57.30;;;;;;656764;217;26676;-80
2018/09/13 19:18:18;;;;;;;3.80;1.20;;;14.70;57.40;;;;;;651551;219;26659;-79
2018/09/13 19:20:47;;;;;;;4.13;1.40;;;14.70;57.50;;;;;;643474;221;26666;-79
2018/09/13 19:23:15;;;;;;;5.13;1.47;;;14.70;57.30;;;;;;643661;221;26669;-82
2018/09/13 19:25:44;;;;;;;3.37;1.50;;;14.70;57.30;;;;;;645028;221;26749;-79
2018/09/13 19:28:13;;;;;;;7.90;1.60;;;14.60;57.40;;;;;;644563;222;26698;-78
2018/09/13 19:30:44;;;;;;;5.03;1.67;;;14.60;57.20;;;;;;645150;222;26631;-78
2018/09/13 19:33:13;;;;;;;6.17;1.70;;;14.60;57.20;;;;;;654427;218;26664;-79
2018/09/13 19:35:44;;;;;;;7.47;2.00;;;14.50;57.30;;;;;;657313;217;26635;-80
2018/09/13 19:38:14;;;;;;;5.53;1.70;;;14.50;57.20;;;;;;657298;218;27124;-79
2018/09/13 19:40:47;;;;;;;5.47;1.57;;;14.50;57.10;;;;;;657331;218;27142;-79
2018/09/13 19:43:17;;;;;;;5.67;1.70;;;14.50;57.10;;;;;;656927;218;26639;-80
2018/09/13 19:45:46;;;;;;;7.93;1.93;;;14.50;57.20;;;;;;656915;218;26631;-80
2018/09/13 19:48:14;;;;;;;5.57;1.67;;;14.40;57.30;;;;;;656931;217;26639;-80
2018/09/13 19:50:44;;;;;;;7.17;1.90;;;14.40;57.50;;;;;;656834;219;26638;-79
2018/09/13 19:53:14;;;;;;;5.50;1.60;;;14.40;57.50;;;;;;656848;218;26669;-80
2018/09/13 19:55:43;;;;;;;3.47;1.23;;;14.30;57.50;;;;;;656886;218;26621;-83
2018/09/13 19:58:11;;;;;;;4.70;1.13;;;14.30;57.50;;;;;;655378;218;26682;-81
2018/09/13 20:00:43;;;;;;;4.40;1.27;;;14.40;57.10;;;;;;643357;223;26678;-82
2018/09/13 20:03:13;;;;;;;2.50;1.10;;;14.30;57.40;;;;;;643424;222;26686;-80
2018/09/13 20:05:43;;;;;;;4.13;1.10;;;14.30;57.40;;;;;;643378;222;27057;-79
2018/09/13 20:08:12;;;;;;;2.63;0.90;;;14.40;57.30;;;;;;654986;219;26632;-80
2018/09/13 20:10:41;;;;;;;4.57;1.67;;;14.30;57.60;;;;;;656620;219;27130;-80
2018/09/13 20:13:11;;;;;;;7.47;1.77;;;14.30;57.80;;;;;;656656;218;26677;-79
2018/09/13 20:15:39;;;;;;;4.80;1.90;;;14.30;57.70;;;;;;656634;219;26638;-79
2018/09/13 20:18:11;;;;;;;4.33;1.83;;;14.30;57.80;;;;;;656544;218;27094;-79
2018/09/13 20:20:39;;;;;;;4.90;2.13;;;14.30;57.80;;;;;;656722;217;26633;-80
2018/09/13 20:23:08;;;;;;;5.13;1.97;;;14.30;57.10;;;;;;656718;219;26705;-79
2018/09/13 20:25:39;;;;;;;6.23;1.67;;;14.30;57.10;;;;;;656666;218;27077;-79
2018/09/13 20:28:08;;;;;;;4.90;1.20;;;14.30;57.00;;;;;;656705;217;26671;-79
2018/09/13 20:30:36;;;;;;;2.67;1.20;;;14.30;57.40;;;;;;656402;218;26651;-80
2018/09/13 20:33:06;;;;;;;2.30;0.77;;;14.30;57.50;;;;;;656668;218;27141;-79
2018/09/13 20:35:34;;;;;;;1.50;0.60;;;14.30;57.40;;;;;;657674;216;27121;-81
2018/09/13 20:38:03;;;;;;;3.30;1.00;;;14.30;57.00;;;;;;658039;218;26654;-80
2018/09/13 20:40:31;;;;;;;2.97;0.80;;;14.30;57.20;;;;;;652200;218;26679;-79
2018/09/13 20:42:59;;;;;;;2.67;1.07;;;14.30;57.30;;;;;;647923;221;27089;-78
2018/09/13 20:45:28;;;;;;;4.30;0.90;;;14.20;57.70;;;;;;647611;221;26690;-78
2018/09/13 20:47:56;;;;;;;3.30;0.70;;;14.10;57.90;;;;;;647609;221;26631;-78
2018/09/13 20:50:25;;;;;;;1.47;0.57;;;14.10;58.10;;;;;;647606;222;26681;-79
2018/09/13 20:52:54;;;;;;;1.87;0.50;;;14.00;58.30;;;;;;647522;222;26639;-78
2018/09/13 20:55:22;;;;;;;4.80;0.93;;;14.00;58.30;;;;;;647107;222;26654;-82
2018/09/13 20:57:51;;;;;;;4.60;1.30;;;14.00;58.30;;;;;;647307;222;26677;-80
2018/09/13 21:00:20;;;;;;;6.10;1.83;;;14.00;58.30;;;;;;643758;223;27140;-79
2018/09/13 21:02:49;;;;;;;6.37;1.03;;;14.00;58.60;;;;;;630293;228;26730;-79
2018/09/13 21:05:18;;;;;;;3.97;1.13;;;13.90;58.80;;;;;;643657;223;27113;-79
2018/09/13 21:07:47;;;;;;;5.33;1.30;;;13.90;59.20;;;;;;643593;223;26670;-79
2018/09/13 21:10:16;;;;;;;2.83;1.00;;;13.80;59.20;;;;;;643694;223;26681;-79
2018/09/13 21:12:45;;;;;;;2.80;1.17;;;13.80;59.50;;;;;;643355;223;27147;-79
2018/09/13 21:15:13;;;;;;;3.03;1.10;;;13.70;59.70;;;;;;630089;227;26683;-79
2018/09/13 21:17:42;;;;;;;2.77;1.40;;;13.70;60.30;;;;;;643361;223;27373;-80
2018/09/13 21:20:10;;;;;;;4.17;1.20;;;13.70;60.30;;;;;;643379;223;27350;-80
2018/09/13 21:22:39;;;;;;;6.17;1.80;;;13.60;60.40;;;;;;630038;228;26683;-79
2018/09/13 21:25:07;;;;;;;4.53;1.33;;;13.50;60.90;;;;;;617870;232;27129;-79
2018/09/13 21:27:36;;;;;;;3.93;1.50;;;13.50;61.30;;;;;;617933;232;26715;-79
2018/09/13 21:30:05;;;;;;;6.17;1.83;;;13.40;61.30;;;;;;617754;232;26786;-79
2018/09/13 21:32:34;;;;;;;6.23;1.70;;;13.40;61.80;;;;;;644154;222;27155;-78
2018/09/13 21:35:02;;;;;;;4.33;1.90;;;13.30;62.00;;;;;;646878;222;26680;-86
2018/09/13 21:37:31;;;;;;;4.60;1.80;;;13.30;61.90;;;;;;646850;222;26707;-85
2018/09/13 21:39:59;;;;;;;3.67;1.47;;;13.30;61.80;;;;;;646867;222;26660;-84
2018/09/13 21:42:28;;;;;;;5.83;1.70;;;13.30;62.10;;;;;;646861;221;26646;-86
2018/09/13 21:44:57;;;;;;;6.17;1.93;;;13.20;62.50;;;;;;646878;221;27099;-87
2018/09/13 21:47:25;;;;;;;2.77;1.20;;;13.20;63.00;;;;;;648132;220;26692;-85
2018/09/13 21:49:54;;;;;;;4.03;1.20;;;13.10;63.00;;;;;;648293;220;26667;-85
2018/09/13 21:52:22;;;;;;;3.90;1.30;;;13.10;63.30;;;;;;648040;221;26634;-85
2018/09/13 21:54:51;;;;;;;0.90;0.70;;;13.00;63.10;;;;;;647933;222;26685;-84
2018/09/13 21:57:19;;;;;;;2.17;1.30;;;13.00;63.80;;;;;;647502;221;26790;-84
2018/09/13 21:59:48;;;;;;;0.97;0.30;;;12.90;64.30;;;;;;647554;222;27122;-84
2018/09/13 22:02:17;;;;;;;2.23;0.70;;;12.80;64.40;;;;;;647509;222;26643;-84
2018/09/13 22:04:45;;;;;;;2.40;0.50;;;12.80;65.50;;;;;;647371;222;27203;-84
2018/09/13 22:07:14;;;;;;;1.40;0.60;;;12.70;64.90;;;;;;647273;221;26650;-84
2018/09/13 22:09:42;;;;;;;2.73;0.50;;;12.70;64.60;;;;;;647214;221;26647;-85
2018/09/13 22:12:11;;;;;;;2.87;0.63;;;12.60;64.70;;;;;;647262;222;26671;-84
2018/09/13 22:14:40;;;;;;;2.03;0.70;;;12.60;65.50;;;;;;647127;222;26668;-85
2018/09/13 22:17:10;;;;;;;4.10;0.50;;;12.50;65.20;;;;;;647162;222;26675;-85
2018/09/13 22:19:39;;;;;;;2.40;0.50;;;12.50;65.20;;;;;;647226;222;26644;-84
2018/09/13 22:22:08;;;;;;;1.90;0.47;;;12.40;65.30;;;;;;647168;221;26644;-84
2018/09/13 22:24:36;;;;;;;1.70;0.70;;;12.40;65.70;;;;;;646902;221;27074;-84
2018/09/13 22:27:05;;;;;;;2.23;0.80;;;12.40;65.90;;;;;;646901;222;27049;-84
2018/09/13 22:29:33;;;;;;;1.13;0.70;;;12.40;65.90;;;;;;646958;221;26683;-84
2018/09/13 22:32:02;;;;;;;1.80;0.50;;;12.40;66.00;;;;;;646926;221;26638;-84
2018/09/13 22:34:30;;;;;;;2.17;0.40;;;12.40;66.50;;;;;;646887;221;26638;-85
2018/09/13 22:36:59;;;;;;;1.93;0.80;;;12.30;66.60;;;;;;646899;221;26663;-85
2018/09/13 22:39:27;;;;;;;1.70;0.50;;;12.30;66.80;;;;;;646898;222;26686;-85
2018/09/13 22:41:57;;;;;;;1.83;0.80;;;12.30;67.30;;;;;;646708;222;26674;-85
2018/09/13 22:44:25;;;;;;;0.77;0.37;;;12.30;67.40;;;;;;646701;222;26643;-84
2018/09/13 22:46:54;;;;;;;2.27;0.40;;;12.30;67.10;;;;;;645692;222;26667;-84
2018/09/13 22:49:22;;;;;;;1.27;0.43;;;12.40;66.60;;;;;;646884;222;26686;-85
2018/09/13 22:51:51;;;;;;;0.90;0.50;;;12.40;66.20;;;;;;646881;221;26645;-84
2018/09/13 22:54:19;;;;;;;1.10;0.50;;;12.40;66.60;;;;;;646924;221;26638;-84
2018/09/13 22:56:48;;;;;;;1.20;0.60;;;12.40;67.20;;;;;;646987;222;26651;-84
2018/09/13 22:59:16;;;;;;;3.23;0.50;;;12.40;67.00;;;;;;648529;220;26683;-84
2018/09/13 23:01:45;;;;;;;2.20;0.83;;;12.40;67.50;;;;;;648538;221;26666;-85
2018/09/13 23:04:13;;;;;;;1.97;0.80;;;12.40;67.60;;;;;;648337;222;26685;-84
2018/09/13 23:06:42;;;;;;;1.07;0.30;;;12.40;67.40;;;;;;648229;222;26057;-84
2018/09/13 23:09:11;;;;;;;0.70;0.40;;;12.40;67.00;;;;;;647741;222;26659;-84
2018/09/13 23:11:40;;;;;;;0.87;0.50;;;12.40;67.30;;;;;;647895;222;26639;-84
2018/09/13 23:14:08;;;;;;;1.47;0.40;;;12.40;67.00;;;;;;648390;221;26921;-83
2018/09/13 23:16:37;;;;;;;2.53;0.60;;;12.40;67.30;;;;;;648708;222;26683;-84
2018/09/13 23:19:05;;;;;;;1.17;0.50;;;12.30;68.10;;;;;;647916;221;26676;-84
2018/09/13 23:21:35;;;;;;;3.70;0.67;;;12.30;68.00;;;;;;648584;222;26630;-84
2018/09/13 23:24:03;;;;;;;1.87;0.67;;;12.30;68.30;;;;;;648345;221;26691;-84
2018/09/13 23:26:32;;;;;;;1.73;0.30;;;12.30;68.40;;;;;;648191;222;26728;-83
2018/09/13 23:29:00;;;;;;;1.83;0.60;;;12.20;68.70;;;;;;647730;222;26667;-84
2018/09/13 23:31:29;;;;;;;2.93;0.87;;;12.20;69.50;;;;;;647410;221;26626;-84
2018/09/13 23:33:57;;;;;;;2.03;0.50;;;12.20;70.10;;;;;;647238;221;27134;-85
2018/09/13 23:36:26;;;;;;;2.40;0.80;;;12.20;69.90;;;;;;647051;221;26638;-83
2018/09/13 23:38:54;;;;;;;4.23;0.87;;;12.20;69.60;;;;;;646946;222;26646;-84
2018/09/13 23:41:23;;;;;;;3.57;1.17;;;12.20;69.40;;;;;;646908;222;27117;-84
2018/09/13 23:43:51;;;;;;;3.67;1.07;;;12.20;69.60;;;;;;646955;221;26647;-84
2018/09/13 23:46:20;;;;;;;3.70;0.93;;;12.30;68.80;;;;;;646944;222;26635;-84
2018/09/13 23:48:48;;;;;;;2.30;1.27;;;12.30;69.50;;;;;;646956;221;26660;-84
2018/09/13 23:51:17;;;;;;;5.60;1.63;;;12.30;69.50;;;;;;646879;222;26636;-84
2018/09/13 23:53:45;;;;;;;7.37;1.60;;;12.30;69.20;;;;;;646932;222;27325;-84
2018/09/13 23:56:14;;;;;;;5.43;2.07;;;12.30;69.50;;;;;;646923;222;26630;-85
2018/09/13 23:58:42;;;;;;;9.07;2.40;;;12.30;69.80;;;;;;646877;222;26646;-84
